{
    "ActionSound": "",
    "AutoUnlock": true,
    "Cards": [
        "{\n    \"UnitsInDeck\": 3,\n    \"Card\": \"sneakpeek\"\n}",
        "{\n    \"UnitsInDeck\": 3,\n    \"Card\": \"aimedshot\"\n}",
        "{\n    \"UnitsInDeck\": 3,\n    \"Card\": \"quickshot\"\n}",
        "{\n    \"UnitsInDeck\": 3,\n    \"Card\": \"blur\"\n}",
        "{\n    \"UnitsInDeck\": 1,\n    \"Card\": \"rapidfire\"\n}",
        "{\n    \"UnitsInDeck\": 1,\n    \"Card\": \"farshot\"\n}",
        "{\n    \"UnitsInDeck\": 1,\n    \"Card\": \"ambusherpreciseshot\"\n}"
    ],
    "ChallengePack0": "bowman",
    "ChallengePack1": "hunter",
    "ChallengePack2": "gunner",
    "ChallengePack3": "rogue",
    "ChallengePack4": "scoundrel",
    "ChallengePack5": "ninja",
    "ChallengePack6": "reaver",
    "CharacterDescription": "Only the most patient and most skilled of the Skyhunters can become Skyhunter Ambushers. And of them, Simone is peerless. She is happy to lie in wait for weeks to finally mark and take down her prey.",
    "CharacterDescriptionStrength": "A hunter who patiently stalks her foes before devastating them.",
    "CharacterName": "Simone",
    "Energy": 1,
    "EnergyTurn": 3,
    "Female": true,
    "FluffOffsetX": 0,
    "FluffOffsetY": 3.40000009536743,
    "HeroClass": "scout",
    "HeroClassSecondary": "none",
    "HitSound": "",
    "HP": 70,
    "ID": "ambusher",
    "Item": "ambushercamoflaguedfeathers",
    "MaxHP": [
        0,
        7,
        7,
        7,
        7
    ],
    "OrderInList": 5,
    "ResistSlashing": 5,
    "ResistBlunt": -5,
    "ResistPiercing": 15,
    "ResistFire": -5,
    "ResistCold": 10,
    "ResistLightning": 15,
    "ResistHoly": 10,
    "ResistShadow": 5,
    "ResistMind": 10,
    "Speed": 15,
    "SpriteBorderLocked": "simoneSilueta",
    "StickerBase": "",
    "StickerAngry": "",
    "StickerIndifferent": "",
    "StickerLove": "",
    "StickerSurprise": "",
    "StickerOffsetX": 0.100000001490116,
    "SubclassName": "Ambusher",
    "Trait0": "ambushertrait0",
    "Trait1A": "ambushertrait1a",
    "Trait1B": "ambushertrait1b",
    "Trait2A": "ambushertrait2a",
    "Trait2B": "ambushertrait2b",
    "Trait3A": "ambushertrait3a",
    "Trait3B": "ambushertrait3b",
    "Trait4A": "ambushertrait4a",
    "Trait4B": "ambushertrait4b",
    "CardsSingularity": [
        "ambusherpreciseshot",
        "quickshot",
        "aimedshot",
        "camouflage",
        "blur",
        "multishot",
        "farshot",
        "iceshot",
        "shiv",
        "rapidfire",
        "huntersmark",
        "vigilance",
        "plagueshot",
        "poisonousshot",
        "detection"
    ]
}